джЏ «б»Ўжб…,«бЁ—нё «б√жб,«бЁ—нё «бЋ«дн,«бд нћ…,«б «—нќ
«бѕж—н «б√Ё—нён бя—… «б”б…,«б√ебн,≈не ≈” ѕж«дш,65--80,19:00
«бѕж—н «б√бг«дн,гжд‘дћб«ѕ»«ќ,√жћ”»ж—ћ,0--2,16:30
«бѕж—н «б√бг«дн,ЁжбЁ”»ж—ћ,ен— « »—бнд,2--1,16:30
«бѕж—н «б√бг«дн,яжбд,»«н—д гнжднќ,2--1,16:30
«бѕж—н «б√бг«дн,б«н»“нћ,‘«бяе,2--4,16:30
«бѕж—н «б√бг«дн,¬. Ё—«дяЁж— ,Ё—«н»ж—ћ,1--2,16:30
«бѕж—н «б√бг«дн,нжднжд »—бнд,Ён—ѕ— »—нгд,0--1,16:30
«бѕж—н «б√бг«дн,»—ж”н« ѕж— гждѕ,г«нд“,2--2,16:30
«бѕж—н «б√бг«дн,‘ ж ћ«— ,ежЁде«нг,1--1,16:30
«бѕж—н «б√бг«дн,»жќжг,»«н— бнЁ—яж“д,0--3,16:30
«бѕж—н «б≈”»«дн,«‘»нбн…,—н«б гѕ—нѕ,2--1,20:00
«бѕж—н «бЁ—д”н,—нд,гжд«яж,0--2,22:00
«бѕж—н «бЁ—д”н, жбж“,«жя”н—,1--1,22:00
«бѕж—н «бЁ—д”н,√дћне, —ж«,1--2,22:00
«бѕж—н «бЁ—д”н,” —«”»ж—ћ,». ”. ћн—г«д,1--1,22:00
«бѕж—н «бЁ—д”н,ябн—гжд ,бж—н«д,0--2,22:00
«бѕж—н «бЁ—д”н,бнб,д«д ,1--2,22:00
«бѕж—н «бЁ—д”н,бнжд,—нг”,0--3,22:00
«бѕж—н «бЁ—д”н,г«—”нбн«,»—н” ,2--1,22:00
«бѕж—н «бЁ—д”н,гжд»нбне,дн”,3--2,22:00
«бѕж—н «бЁ—д”н,б«д”,«ћ«я”нж,0--3,22:00
«бѕж—н «б≈нЎ«бн,”«бн—дн «д«,√жѕндн“н,2--3,16:00
«бѕж—н «б≈нЎ«бн,”»н“н« я«б ‘ж, ж—ндж,4--0,16:00
«бѕж—н «б≈нЎ«бн,Ёнж—д нд«,—жг«,1--2,19:00
«бѕж—н «б≈нЎ«бн,≈д — гнб«д,√ «б«д «,2--3,21:45
«бѕж—н «б”Џжѕн,«бЁ Ќ,÷гя,1--1,21:00
«бѕж—н «б”Џжѕн,«б√ Ё№№№№№«ё,«бд’—,1--1,21:00
«бѕж—н «б”Џжѕн,«б»«Ўд,«бЏѕ«б…,2--2,21:00
«бѕж—н «б”Џжѕн,√»е«,«беб«б,3--0,21:00
«бѕж—н «б”Џжѕн,«б—«∆ѕ,«бќбнћ,0--0,21:00
«бѕж—н «б”Џжѕн,«б‘»«»,«б Џ«жд,3--0,21:00
«бѕж—н «б”Џжѕн,«бЎ№№«∆н,«бжЌѕ…,2--1,21:00
«бѕж—н «б”Џжѕн,«бЁнЌ«Ѕ,«б« Ќ«ѕ,3--0,21:00
«бѕж—н «б»— џ«бн,ћб Ён”д н,я«“« »н«,0--1,14:45
«бѕж—н «б»— џ«бн,≈” ж—нб,г«—н нгж,1--3,17:30
«бѕж—н «б»— џ«бн,‘«Ён‘,»ж«Ён” «,4--1,17:30
«бѕж—н «б»— џ«бн,»ж— ж,Ён ж—н« ћнг«—н‘,0--3,20:00
«бѕж—н «б»— џ«бн,»ж— нгжднд”н,√—жя«,2--0,20:00
«бѕж—н «б»— џ«бн,»дЁня«,”«д « яб«—«,0--3,20:00
«бѕж—н «б»— џ«бн,”»ж— ндћ »—«ћ«,»«яж” Ён—н—«,0--3,22:30
«бѕж—н «б жд”н,« Ќ«ѕ  Ў«жнд,«б≈ Ќ«ѕ «бгд” н—н,4--0,16:00
«бѕж—н «б жд”н,«б’Ё«ё”№№№№н,«бдћг «б”«Ќбм,1--1,18:00
«бѕж—н «б жд”н,”бнг«д «б—н«÷н,√жбг»ня ”нѕн »ж“нѕ,2--1,18:00
«бѕж—н «б жд”н,«бдћг «б—н«÷н »«бг бжн,«бгбЏ» «б жд”н,1--2,18:00
«бѕж—н «б жд”н,√гб Ќг«г ”ж”…,«б»д“— н,0--1,18:00
